staff_id,first_name,last_name,department_name,location,email_address
1,Jeremie,Franey,HR,Manchester,jeremie.franey@terrifictotes.com
2,Deron,Beier,HR,Manchester,deron.beier@terrifictotes.com
3,Jeanette,Erdman,HR,Manchester,jeanette.erdman@terrifictotes.com
4,Ana,Glover,HR,Leeds,ana.glover@terrifictotes.com
5,Magdalena,Zieme,HRrrrrkid,Leeds,magdalena.zieme@terrifictotes.com
6,Korey,Kreiger,HRrrrrkid,Leeds,korey.kreiger@terrifictotes.com
7,Raphael,Rippin,HRrrrrkid,Leds,raphael.rippin@terrifictotes.com
8,Oswaldo,Bergstrom,HR,Leds,oswaldo.bergstrom@terrifictotes.com
9,Brody,Ratke,HR,Leds,brody.ratke@terrifictotescom